title,category,publish_time,url
14國音樂家齊聚新竹 台灣國際直笛音樂節連演3天,藝文,2026-10-02 21:03,https://news.ltn.com.tw/news/art/breakingnews/5593691
女友安排平日玩國旅！卻為了「這些事」與男友爭執,生活,2026-10-02 21:00,https://news.ltn.com.tw/news/life/breakingnews/5593527
詩人李進文首辦畫展「深呼吸」 詩畫共生拓展美學,藝文,2026-10-02 21:00,https://news.ltn.com.tw/news/art/breakingnews/5593701
李忠憲的思考》人生不是拿來選的，是拿來活的：沈伯洋與勇氣的讚歌,評論,2026-10-02 21:00,https://talk.ltn.com.tw/article/breakingnews/5593074
康乃爾大學性侵案延燒 社群平台「I am Jane Doe.」護被害者,國際,2026-10-02 20:59,https://news.ltn.com.tw/news/world/breakingnews/5593617
香港名媛蔡天鳳案最新庭審曝光：攪拌機、電鋸、大湯煲全買好！前公公半個月前就佈置好「屠屍房」,娛樂,2026-10-02 20:59,https://ent.ltn.com.tw/news/breakingnews/5593672
卓榮泰在立院秀洋流船員證被疑違法 行政院澄清,政治,2026-10-02 20:58,https://news.ltn.com.tw/news/politics/breakingnews/5593720
「洋流」湧入 網友曝師大夜市「喊口號」要注意勿打擾居民,政治,2026-10-02 20:58,https://news.ltn.com.tw/news/politics/breakingnews/5593659
太平山蹦蹦車軌道受損！10/3起縮線營運 票價全面下殺80元,生活,2026-10-02 20:58,https://news.ltn.com.tw/news/life/breakingnews/5593721
蘇巧慧民調領先李四川4.6％ 李競辦：尊重綠營自做民調,政治,2026-10-02 20:57,https://news.ltn.com.tw/news/politics/breakingnews/5593687
中秋加碼！10/2大樂透、今彩539獎號出爐,社會,2026-10-02 20:54,https://news.ltn.com.tw/news/society/breakingnews/5593685
木村拓哉愛女同框本木雅弘兒子！穿「情侶裝」CP感爆棚網驚：神級基因,娛樂,2026-10-02 20:53,https://ent.ltn.com.tw/news/breakingnews/5593716
「洋流」無懼大雨塞爆師大夜市！他拿這個求簽 沈伯洋眼睛亮了,政治,2026-10-02 20:52,https://news.ltn.com.tw/news/politics/breakingnews/5593696
北市光復南路公寓竄駭人火煙 消防急派21車、62人搶救,社會,2026-10-02 20:52,https://news.ltn.com.tw/news/society/breakingnews/5593715
藍營酸賴清德沒輔選、綠營分裂 陳亭妃曬10月行程「他們都來了」,政治,2026-10-02 20:48,https://news.ltn.com.tw/news/politics/breakingnews/5593707
發放2000元生育獎勵金涉賄 雲林蔡姓參選人遭收押 黨部及家人：已發4年不是為選舉才發,社會,2026-10-02 20:48,https://news.ltn.com.tw/news/society/breakingnews/5593686
被問會不會選前「 普發現金」 盧秀燕這次答案變了,政治,2026-10-02 20:47,https://news.ltn.com.tw/news/politics/breakingnews/5593708
中職》神！馬鋼封王戰逆轉2分彈 富邦悍將勇奪二軍總冠軍,體育,2026-10-02 20:42,https://sports.ltn.com.tw/news/breakingnews/5593713
Ryu不當YouTuber 改當「社畜」上班首日糗爆,娛樂,2026-10-02 20:38,https://ent.ltn.com.tw/news/breakingnews/5593710
中職》本季金控大戰最終戰 確定11600人滿場,體育,2026-10-02 20:37,https://sports.ltn.com.tw/news/breakingnews/5593709
中職》台鋼奇兵獲生涯首勝資格！ 樂天跟兄弟爭冠大逆風,體育,2026-10-02 20:34,https://sports.ltn.com.tw/news/breakingnews/5593699
蔣萬安赴興德宮拜票 周軒PO影片曝台下1狀況,政治,2026-10-02 20:31,https://news.ltn.com.tw/news/politics/breakingnews/5593683
自由爆新聞》挺蔣剩「他們」？沈伯洋揪蔣萬安致命罩門 這族群也開轟市府,政治,2026-10-02 20:30,https://news.ltn.com.tw/news/politics/breakingnews/5593665
巴黎世家純白優雅開局！高級訂製工藝走入日常 時尚迷終極信仰不再遙不可及,時尚,2026-10-02 20:30,https://istyle.ltn.com.tw/article/41218
10月迎重陽轉運氣 十二生肖籤詩揭曉 鼠、馬財運旺,娛樂,2026-10-02 20:19,https://ent.ltn.com.tw/news/breakingnews/5593688
WTT大滿貫》林昀儒首輪強碰黃鎮廷 鄭怡靜女單首戰上演「台灣內戰」,體育,2026-10-02 20:19,https://sports.ltn.com.tw/news/breakingnews/5593690
打破往例！鄭麗文國慶日不去總統府升旗 改高雄左營辦升旗典禮,政治,2026-10-02 20:18,https://news.ltn.com.tw/news/politics/breakingnews/5593678
吉野北人暫別THE RAMPAGE 單飛個人首秀獻台灣：我準備好了！,娛樂,2026-10-02 20:18,https://ent.ltn.com.tw/news/breakingnews/5593689
九州博弈案45被告宣判！自然人+公司法人「天價罰金」近5.8億,社會,2026-10-02 20:15,https://news.ltn.com.tw/news/society/breakingnews/5593664
深藍大安區大雨仍爆洋流！沈伯洋師大夜市掃街 曝私房美食名單,政治,2026-10-02 20:13,https://news.ltn.com.tw/news/politics/breakingnews/5593666
拋海線雙軌高架、觀光鐵道！何欣純攜手施志昌成立大安後援會,政治,2026-10-02 20:10,https://news.ltn.com.tw/news/politics/breakingnews/5593657
亞運前線》離金牌就差一點！ 洪俊義：這10幾年的努力不如這3秒,體育,2026-10-02 20:09,https://sports.ltn.com.tw/news/breakingnews/5593679
12星座注意 10月「雙逆行」考驗艾菲爾開運金句曝光,娛樂,2026-10-02 20:07,https://ent.ltn.com.tw/news/breakingnews/5593673
中職》李東洺還有1場先發 爭取勝投王最後機會,體育,2026-10-02 20:03,https://sports.ltn.com.tw/news/breakingnews/5593675
「洋流慧聚」發威！最新民調贏李四川4.6％ 蘇巧慧回應了,政治,2026-10-02 20:02,https://news.ltn.com.tw/news/politics/breakingnews/5593646
卡了近40年終於解套！桃園八德4.94公頃重劃動工「這區」要變了,estate,2026-10-02 20:00,https://estate.ltn.com.tw/article/28963
自由開講》加拿大成為歐盟第一個「準會員國」？,評論,2026-10-02 20:00,https://talk.ltn.com.tw/article/breakingnews/5586096
橋頭再生水廠奪「特優金質獎」 高雄水利局狂攬13獎項最大贏家,政治,2026-10-02 19:58,https://news.ltn.com.tw/news/politics/breakingnews/5593654
網紅教授被爆「出軌女學生」 10年前妻淚訴：趁我生病去過夜,娛樂,2026-10-02 19:55,https://ent.ltn.com.tw/news/breakingnews/5593634
驛起平安！台南鐵路地下化通車倒數 3區走讀+4大宮廟送福袋,生活,2026-10-02 19:55,https://news.ltn.com.tw/news/life/breakingnews/5593653
交通罰鍰100％專款專用 專家、路權團體：投入交通教育和工程,生活,2026-10-02 19:52,https://news.ltn.com.tw/news/life/breakingnews/5593587
健康網》腹瀉群聚多諾羅 醫：4大警訊速就醫,健康,2026-10-02 19:51,https://health.ltn.com.tw/article/breakingnews/5593249
埔里驚見10公尺「洋流」大看板 出資者：土地公指示,政治,2026-10-02 19:50,https://news.ltn.com.tw/news/politics/breakingnews/5593649
熊熊「孕晚期蕁麻疹失控」 全身大片紅疹照曝光,娛樂,2026-10-02 19:48,https://ent.ltn.com.tw/news/breakingnews/5593650
久違的夯車！BMW iX3起跳價245萬搶市 預接單已破2000輛,財經,2026-10-02 19:45,https://ec.ltn.com.tw/article/breakingnews/5593639
獨家》「洋流慧聚」發威！新北議會民進黨團民調 蘇巧慧領先李四川4.6％,政治,2026-10-02 19:42,https://news.ltn.com.tw/news/politics/breakingnews/5593630
富邦人壽砍人案凶嫌出院 懷恨5年預謀犯案全說了,社會,2026-10-02 19:42,https://news.ltn.com.tw/news/society/breakingnews/5593623
首位在烏克蘭殉職英國軍人 觀摩烏軍新裝備遭爆炸波及不治,國際,2026-10-02 19:41,https://news.ltn.com.tw/news/world/breakingnews/5593624
濱崎步48歲生日挨小粉紅狠酸「面目全非」！霸氣回嗆：你傷不了我,娛樂,2026-10-02 19:40,https://ent.ltn.com.tw/news/breakingnews/5593628
亞運前線》女雙金牌戰正面對決謝淑薇！詹皓晴：金包銀已皆大歡喜,體育,2026-10-02 19:39,https://sports.ltn.com.tw/news/breakingnews/5593648
藍營推鞭刑入法 沈伯洋揭「這些」不討論就公投：無助解決犯罪,政治,2026-10-02 19:34,https://news.ltn.com.tw/news/politics/breakingnews/5593618
花旗代幣化服務上線7大市場 每日轉移資金達10億美元,財經,2026-10-02 19:32,https://ec.ltn.com.tw/article/breakingnews/5593596
"「豪宅級」破億名錶抵台！FRANCK MULLER三軸陀飛輪現身一只要價2,010萬",時尚,2026-10-02 19:30,https://istyle.ltn.com.tw/article/41220
亞運前線》洪俊義不敵烏茲別克好手奪銀 台灣男子跆拳道12年來第一人,體育,2026-10-02 19:27,https://sports.ltn.com.tw/news/breakingnews/5593638
北市學生健康系統停機2天恢復了 教育局：暫以Excel登記傷病資料,生活,2026-10-02 19:25,https://news.ltn.com.tw/news/life/breakingnews/5593615
4萬9真的來了 台指期夜盤一度觸及49005點,財經,2026-10-02 19:25,https://ec.ltn.com.tw/article/breakingnews/5593619
賴清德：立法院若能讓我過半 經濟會更好,政治,2026-10-02 19:22,https://news.ltn.com.tw/news/politics/breakingnews/5593629
德國竟有「高雄橋」！德在台協會揭原由 李忠憲：陳其邁真強,政治,2026-10-02 19:19,https://news.ltn.com.tw/news/politics/breakingnews/5593582
新聞360》F-16V BLK70反制共軍戰力曝！學者揭台灣關鍵優勢,政治,2026-10-02 19:17,https://news.ltn.com.tw/news/politics/breakingnews/5593632
重出江湖再戰純網銀！許柏林出任樂天銀行董事長,財經,2026-10-02 19:16,https://ec.ltn.com.tw/article/breakingnews/5593622
